age,gender,previous_education,study_hours_weekly,attendance_percentage,exam_score,level
11,Female,None,18,83,69,Intermediate
8,Female,Basic,8,79,64,Intermediate
17,Female,Basic,7,100,88,Advanced
15,Female,Intermediate,1,91,100,Advanced
12,Female,Basic,21,73,54,Intermediate
17,Male,None,16,60,55,Advanced
9,Female,Basic,12,50,85,Advanced
11,Male,None,6,78,78,Advanced
14,Male,None,20,63,100,Advanced
7,Female,None,2,53,76,Intermediate
11,Male,None,14,65,57,Intermediate
15,Female,None,4,58,76,Intermediate
15,Female,Basic,1,100,87,Advanced
12,Female,Basic,23,88,81,Advanced
9,Male,Intermediate,18,74,75,Advanced
8,Male,Basic,13,97,86,Advanced
12,Female,Intermediate,2,76,88,Advanced
12,Male,None,9,62,92,Intermediate
7,Female,Basic,21,97,77,Advanced
10,Female,Intermediate,2,83,61,Intermediate
9,Female,None,9,59,67,Intermediate
6,Male,Basic,1,72,89,Advanced
12,Male,Basic,11,61,48,Intermediate
16,Female,Basic,3,54,72,Intermediate
18,Male,None,20,88,57,Intermediate
10,Male,Basic,23,100,65,Advanced
6,Female,Basic,4,54,90,Advanced
16,Female,None,18,83,68,Intermediate
9,Female,Basic,23,65,65,Beginner
5,Female,Intermediate,6,67,37,Intermediate
16,Male,Intermediate,3,66,79,Advanced
14,Female,Basic,22,62,77,Intermediate
10,Female,Intermediate,11,75,100,Beginner
17,Male,Basic,15,62,58,Intermediate
16,Female,Basic,22,79,69,Intermediate
13,Female,None,5,74,69,Intermediate
5,Female,Intermediate,20,71,96,Advanced
15,Female,Basic,10,61,63,Intermediate
15,Female,Basic,12,66,70,Intermediate
14,Male,None,15,86,77,Advanced
16,Male,Intermediate,17,82,68,Intermediate
16,Female,Intermediate,10,60,56,Intermediate
18,Female,Intermediate,6,76,68,Advanced
18,Female,Basic,18,86,86,Advanced
18,Female,None,13,49,44,Intermediate
7,Female,Basic,3,83,67,Intermediate
16,Female,Basic,24,65,50,Intermediate
11,Female,None,10,83,88,Advanced
8,Female,Basic,14,63,34,Intermediate
13,Female,Intermediate,6,47,53,Beginner
7,Female,Intermediate,3,50,72,Intermediate
9,Female,Intermediate,16,75,96,Advanced
7,Male,Intermediate,7,78,63,Intermediate
11,Male,Basic,20,61,53,Intermediate
9,Male,Basic,14,84,100,Advanced
13,Female,Intermediate,9,50,36,Intermediate
11,Male,None,15,74,21,Beginner
6,Female,Intermediate,21,56,73,Beginner
8,Female,Basic,3,65,54,Intermediate
13,Male,Basic,2,75,44,Intermediate
16,Female,Basic,2,62,79,Intermediate
18,Male,Intermediate,3,69,69,Intermediate
6,Male,Intermediate,18,90,53,Intermediate
14,Female,None,14,66,39,Intermediate
13,Male,Intermediate,20,87,82,Advanced
14,Male,Basic,18,58,78,Intermediate
9,Female,Basic,10,82,63,Intermediate
6,Female,Basic,2,96,100,Advanced
8,Male,Basic,22,37,43,Intermediate
16,Female,Basic,1,63,34,Intermediate
16,Male,Intermediate,4,83,51,Intermediate
11,Male,Intermediate,14,71,64,Intermediate
16,Female,Basic,1,80,69,Intermediate
17,Female,None,14,65,60,Beginner
12,Female,Intermediate,16,76,72,Intermediate
7,Female,Intermediate,22,72,39,Intermediate
18,Female,Intermediate,14,92,93,Advanced
5,Female,None,20,78,63,Intermediate
8,Male,None,3,80,87,Intermediate
6,Female,Basic,3,68,71,Intermediate
12,Male,None,9,67,74,Intermediate
8,Male,Basic,6,68,76,Intermediate
6,Male,Intermediate,13,80,73,Advanced
18,Male,Basic,21,68,77,Advanced
10,Female,None,2,79,91,Advanced
10,Female,Basic,8,100,68,Advanced
14,Female,None,21,88,79,Advanced
8,Male,None,2,70,63,Intermediate
10,Male,Basic,4,93,93,Advanced
17,Male,Basic,15,68,51,Intermediate
6,Male,Intermediate,4,44,100,Advanced
14,Female,Intermediate,13,59,64,Intermediate
16,Female,Basic,12,46,36,Intermediate
6,Female,Basic,13,69,67,Advanced
14,Male,Intermediate,14,75,51,Intermediate
18,Female,Basic,20,100,81,Advanced
8,Female,None,18,79,51,Intermediate
18,Female,Intermediate,6,71,56,Intermediate
12,Female,None,11,87,27,Intermediate
18,Male,Basic,2,41,55,Intermediate
11,Male,Basic,23,78,16,Beginner
16,Male,Basic,19,86,33,Intermediate
13,Female,Basic,19,52,80,Intermediate
18,Male,Intermediate,5,92,80,Advanced
12,Male,None,19,80,73,Advanced
9,Male,Basic,2,68,45,Intermediate
17,Male,Intermediate,10,84,64,Intermediate
6,Female,Basic,2,100,64,Advanced
9,Female,None,11,77,41,Intermediate
12,Female,Intermediate,18,78,95,Advanced
14,Male,Basic,24,68,82,Advanced
13,Female,Intermediate,15,62,60,Advanced
16,Female,Intermediate,9,87,65,Intermediate
16,Male,Basic,23,62,69,Intermediate
16,Male,Basic,19,76,24,Intermediate
17,Male,Intermediate,9,67,60,Intermediate
13,Female,None,3,82,51,Intermediate
17,Female,Intermediate,21,80,44,Intermediate
17,Male,None,9,90,59,Intermediate
5,Male,Basic,14,67,100,Advanced
13,Female,Basic,19,70,77,Advanced
11,Female,Intermediate,7,60,53,Intermediate
13,Female,Intermediate,16,68,76,Advanced
12,Female,None,16,80,92,Advanced
5,Male,None,1,86,83,Advanced
16,Male,Intermediate,4,61,66,Intermediate
12,Female,Basic,4,88,52,Intermediate
12,Male,None,7,95,78,Advanced
15,Female,Basic,8,81,72,Advanced
7,Female,Basic,17,100,82,Advanced
5,Female,Intermediate,5,63,77,Intermediate
12,Male,Basic,7,56,85,Advanced
7,Female,Basic,20,48,54,Beginner
7,Female,Basic,20,97,91,Advanced
5,Female,Intermediate,4,84,68,Intermediate
15,Female,Basic,6,74,100,Advanced
9,Male,Basic,7,79,51,Intermediate
14,Female,Basic,18,58,99,Advanced
11,Female,Intermediate,5,100,68,Advanced
14,Male,Basic,20,76,51,Intermediate
13,Male,None,3,76,55,Intermediate
16,Male,Basic,7,85,58,Beginner
11,Male,Basic,22,82,73,Advanced
13,Male,None,14,78,75,Beginner
12,Female,Intermediate,7,63,53,Intermediate
16,Male,Basic,5,82,64,Intermediate
6,Male,Intermediate,22,100,100,Advanced
5,Female,Basic,5,95,99,Advanced
11,Male,Intermediate,23,98,73,Advanced
11,Female,None,2,67,65,Intermediate
18,Male,Basic,21,60,67,Intermediate
12,Male,Intermediate,22,73,77,Advanced
9,Female,Intermediate,6,75,44,Intermediate
7,Female,Basic,15,91,59,Intermediate
16,Female,Basic,21,49,31,Beginner
12,Female,Intermediate,10,97,72,Advanced
10,Female,Basic,23,72,77,Advanced
15,Male,Intermediate,24,68,55,Intermediate
7,Male,Intermediate,7,59,96,Beginner
5,Female,None,5,50,40,Intermediate
7,Female,None,1,87,35,Intermediate
9,Female,Basic,13,76,69,Intermediate
18,Male,None,21,55,85,Advanced
7,Male,Basic,18,55,98,Advanced
5,Female,Intermediate,13,69,55,Intermediate
9,Male,Basic,21,100,86,Advanced
14,Female,Intermediate,21,71,64,Intermediate
11,Female,Basic,18,52,61,Intermediate
18,Male,Basic,5,71,82,Advanced
11,Female,None,13,70,78,Advanced
15,Female,Basic,4,34,33,Beginner
13,Male,Basic,17,74,94,Advanced
14,Female,Basic,3,71,92,Advanced
14,Female,Intermediate,17,85,52,Intermediate
16,Female,Basic,11,100,72,Advanced
17,Male,Basic,21,91,74,Advanced
7,Female,Basic,20,70,70,Intermediate
11,Male,None,23,58,53,Intermediate
5,Male,Basic,21,100,51,Intermediate
8,Female,None,4,75,64,Intermediate
17,Male,None,2,75,88,Advanced
8,Male,None,20,74,75,Advanced
18,Female,Basic,16,77,57,Intermediate
9,Female,Intermediate,18,72,80,Advanced
11,Female,Basic,8,66,8,Beginner
11,Female,Basic,3,66,87,Advanced
17,Male,Basic,9,74,30,Intermediate
15,Male,None,20,66,57,Intermediate
17,Male,Intermediate,6,64,42,Intermediate
8,Female,Basic,10,76,39,Advanced
17,Female,Basic,21,71,88,Advanced
11,Female,Basic,10,97,55,Beginner
15,Female,None,13,35,71,Intermediate
7,Male,Basic,17,91,64,Beginner
10,Female,Basic,9,93,74,Advanced
16,Male,Intermediate,17,43,66,Intermediate
6,Female,None,24,69,39,Beginner
14,Male,Basic,9,69,84,Beginner
17,Female,Basic,9,53,55,Intermediate
18,Male,None,1,63,33,Intermediate
13,Male,Basic,2,58,56,Intermediate
9,Male,Intermediate,16,100,95,Advanced
10,Female,Intermediate,1,89,82,Advanced
16,Female,Basic,10,94,58,Intermediate
16,Male,Intermediate,18,85,58,Intermediate
16,Male,Intermediate,8,58,58,Intermediate
16,Female,Intermediate,21,67,100,Advanced
8,Male,None,11,82,72,Advanced
18,Female,Intermediate,23,56,73,Intermediate
18,Female,Basic,2,85,85,Advanced
15,Male,Intermediate,8,71,69,Intermediate
14,Male,Basic,22,69,59,Intermediate
11,Female,None,8,85,61,Intermediate
16,Male,Intermediate,17,81,63,Intermediate
13,Male,Basic,15,69,64,Intermediate
11,Female,Intermediate,17,92,79,Advanced
18,Female,Intermediate,23,58,66,Intermediate
5,Female,Basic,24,84,79,Advanced
5,Female,None,13,83,63,Intermediate
13,Male,Basic,19,70,66,Intermediate
15,Male,None,5,79,25,Intermediate
18,Female,None,12,56,83,Advanced
13,Female,Intermediate,1,88,71,Advanced
8,Male,Basic,23,72,84,Advanced
17,Female,Basic,5,67,7,Beginner
13,Male,Intermediate,8,90,100,Intermediate
7,Female,Basic,13,64,62,Beginner
11,Male,Basic,8,53,87,Advanced
10,Female,Intermediate,23,51,44,Intermediate
12,Male,None,11,84,77,Beginner
15,Male,Intermediate,1,55,43,Intermediate
13,Male,Intermediate,13,100,52,Intermediate
18,Female,Intermediate,19,43,100,Advanced
9,Female,Basic,24,100,61,Advanced
5,Female,Basic,3,78,69,Intermediate
7,Female,Basic,24,73,82,Advanced
14,Male,Intermediate,17,66,74,Intermediate
16,Male,Intermediate,5,80,68,Intermediate
12,Female,Basic,20,74,72,Intermediate
15,Male,Basic,21,91,100,Advanced
10,Female,None,8,76,63,Intermediate
12,Male,None,14,77,69,Beginner
13,Female,Intermediate,4,69,86,Advanced
8,Male,Basic,11,74,87,Advanced
5,Female,Intermediate,20,79,88,Advanced
18,Female,Intermediate,15,49,77,Intermediate
5,Female,None,19,54,42,Intermediate
14,Male,Basic,7,86,97,Advanced
8,Female,Basic,19,77,42,Intermediate
16,Female,Basic,19,72,71,Intermediate
18,Female,Intermediate,11,75,49,Intermediate
11,Female,Intermediate,5,80,63,Intermediate
6,Female,Intermediate,5,66,71,Intermediate
7,Female,Basic,22,63,71,Intermediate
5,Female,None,8,77,73,Intermediate
9,Female,Intermediate,10,60,97,Advanced
5,Female,None,6,81,74,Advanced
12,Male,Basic,15,49,60,Intermediate
5,Male,None,16,90,84,Advanced
15,Female,Basic,17,82,88,Advanced
5,Female,None,8,78,40,Intermediate
6,Female,Basic,8,89,76,Advanced
6,Female,Intermediate,9,99,79,Advanced
16,Male,None,2,90,59,Intermediate
10,Male,None,15,47,92,Advanced
11,Female,Basic,18,55,61,Intermediate
9,Male,Intermediate,3,65,67,Advanced
5,Female,Basic,17,75,61,Intermediate
5,Male,Basic,4,82,65,Intermediate
7,Female,None,4,64,43,Beginner
18,Female,Intermediate,14,77,36,Intermediate
6,Female,Basic,9,63,96,Beginner
9,Female,Intermediate,9,65,48,Intermediate
16,Male,Intermediate,23,53,45,Advanced
14,Female,Basic,18,61,21,Beginner
10,Female,Intermediate,10,54,52,Intermediate
11,Male,None,21,60,38,Intermediate
8,Female,Intermediate,4,90,97,Advanced
11,Female,Basic,12,60,85,Advanced
15,Female,Intermediate,8,100,51,Intermediate
12,Female,None,2,82,100,Advanced
15,Female,None,22,77,84,Advanced
5,Male,Basic,13,62,58,Intermediate
10,Female,Basic,21,85,15,Beginner
12,Female,Basic,16,66,100,Advanced
9,Male,Basic,2,76,37,Intermediate
8,Male,None,11,100,32,Advanced
6,Male,Basic,10,73,85,Advanced
10,Female,Intermediate,15,92,100,Advanced
10,Female,Basic,17,64,92,Advanced
15,Male,None,8,74,76,Advanced
5,Female,Basic,18,100,76,Advanced
13,Male,None,23,65,82,Advanced
16,Female,Intermediate,9,100,80,Advanced
15,Female,None,8,85,70,Advanced
10,Female,Intermediate,14,66,67,Intermediate
17,Female,Intermediate,18,84,63,Intermediate
7,Male,Intermediate,22,89,49,Intermediate
8,Male,Basic,20,84,59,Intermediate
16,Male,Intermediate,20,51,31,Beginner
15,Female,Intermediate,21,64,63,Intermediate
8,Female,Basic,12,71,45,Advanced
7,Female,Basic,19,73,42,Intermediate
14,Female,Basic,14,84,68,Intermediate
7,Female,Basic,17,77,92,Advanced
7,Female,Basic,24,54,83,Advanced
8,Female,Basic,21,80,33,Intermediate
11,Female,Basic,3,84,45,Intermediate
8,Male,None,23,83,83,Advanced
13,Female,None,7,91,45,Intermediate
5,Male,Basic,17,87,60,Intermediate
12,Female,None,12,81,76,Advanced
11,Female,Basic,9,73,45,Intermediate
6,Male,Basic,15,50,67,Beginner
12,Female,Intermediate,18,81,38,Intermediate
5,Female,None,21,78,52,Intermediate
15,Male,Basic,13,79,71,Intermediate
16,Male,Intermediate,21,55,33,Intermediate
13,Female,Basic,8,58,73,Intermediate
13,Female,None,14,90,64,Beginner
6,Female,Intermediate,8,74,76,Advanced
11,Female,Intermediate,14,85,69,Advanced
18,Female,Basic,7,75,92,Advanced
14,Female,Basic,23,75,67,Intermediate
7,Female,Intermediate,12,89,56,Beginner
11,Female,Basic,11,67,67,Intermediate
16,Male,Basic,22,76,75,Advanced
14,Male,Intermediate,22,68,65,Beginner
13,Male,Basic,11,68,65,Intermediate
8,Female,Basic,22,70,50,Beginner
16,Female,Basic,13,78,51,Intermediate
5,Female,Intermediate,18,67,36,Intermediate
6,Male,Basic,2,93,99,Advanced
5,Male,Basic,21,61,40,Intermediate
18,Male,Basic,15,72,51,Intermediate
16,Male,Basic,20,68,50,Intermediate
9,Female,Basic,18,96,82,Advanced
9,Male,Intermediate,15,77,59,Intermediate
15,Male,Basic,19,90,89,Advanced
11,Female,None,23,52,51,Intermediate
13,Male,Intermediate,24,79,70,Advanced
13,Female,None,12,88,48,Intermediate
7,Female,Intermediate,13,76,100,Advanced
7,Male,None,22,90,41,Beginner
7,Female,Basic,11,67,71,Intermediate
8,Female,None,5,96,77,Advanced
12,Female,Intermediate,1,100,73,Advanced
10,Male,Basic,24,69,61,Intermediate
12,Female,None,3,68,62,Intermediate
5,Female,Basic,22,96,65,Advanced
12,Male,None,19,98,62,Advanced
8,Female,None,23,67,84,Advanced
15,Female,Intermediate,7,68,100,Advanced
5,Female,Basic,12,70,53,Intermediate
12,Male,Intermediate,15,54,37,Intermediate
8,Female,Basic,5,61,63,Intermediate
10,Male,Basic,15,59,100,Advanced
12,Male,None,8,63,48,Intermediate
8,Male,Basic,10,74,97,Advanced
18,Male,Intermediate,16,78,98,Advanced
7,Male,Intermediate,8,98,53,Intermediate
18,Male,Basic,1,60,76,Intermediate
13,Female,Basic,12,89,97,Advanced
7,Male,Basic,5,71,57,Intermediate
13,Male,Intermediate,3,74,60,Intermediate
17,Female,Basic,1,85,53,Intermediate
6,Female,Basic,4,58,44,Intermediate
18,Female,Intermediate,8,80,52,Intermediate
6,Male,None,3,77,40,Intermediate
6,Male,None,10,82,65,Intermediate
10,Male,Basic,2,79,49,Intermediate
7,Male,Intermediate,11,100,69,Advanced
17,Male,Basic,10,65,33,Beginner
13,Male,Basic,21,67,71,Intermediate
8,Male,Basic,14,65,81,Advanced
5,Male,Basic,7,66,25,Beginner
8,Female,Basic,2,65,72,Intermediate
5,Male,Basic,9,92,89,Advanced
18,Male,Basic,16,96,40,Intermediate
9,Female,Basic,13,66,98,Advanced
8,Female,Basic,9,62,73,Intermediate
12,Male,Basic,20,82,50,Intermediate
12,Female,Intermediate,4,66,63,Advanced
11,Female,None,22,84,76,Advanced
7,Male,Intermediate,10,78,66,Intermediate
5,Female,Intermediate,22,52,75,Intermediate
5,Female,Basic,12,98,46,Intermediate
16,Male,Basic,17,100,68,Advanced
15,Male,Basic,14,65,36,Intermediate
7,Female,Basic,14,69,62,Intermediate
10,Female,Basic,2,79,46,Intermediate
11,Male,None,21,80,50,Intermediate
10,Male,Basic,20,84,89,Advanced
18,Male,Intermediate,11,100,86,Advanced
18,Female,Basic,16,72,77,Advanced
10,Female,Intermediate,19,63,43,Intermediate
10,Male,Basic,23,54,58,Intermediate
17,Female,Intermediate,6,64,89,Advanced
7,Female,Basic,24,74,67,Beginner
10,Male,None,19,100,100,Advanced
12,Male,Basic,5,67,72,Intermediate
